Island;Loc.ID;Locations;type;type01;included;species.pedro;altitude;Lat.X;Long.Y;Geological_series;Geological_unit;paleo;Ages_unit;MaxAge_Island;Comments
C;CM07;Palmital, Brezal del;MSS;MSS;yes;5;532;28.1102667;-15.6007029;Miocene;Gran Canaria Felsic Vulcanism, N;;14-8.3 Ma;15;
C;CC02;Arrepentidos, C. de los ;cave;cave;yes;4;971;27.91451411;-15.5261543;Pliocene-Pleistocene;Gran Canaria, Rift Vulcanism, N;;3.6-1.6 Ma;15;
C;CC04;Azuaje, Mina de ;mine;cave;yes;2;424;28.08687635;-15.5736709;Pliocene-Pleistocene;Gran Canaria, Rift Vulcanism, N;;3.6-1.6 Ma;15;
C;CC05;Bebeideja, Mina;mine;cave;yes;5;140;28.13031374;-15.5311249;Pliocene-Pleistocene;Gran Canaria, Rift Vulcanism, N;;3.6-1.6 Ma;15;
C;CC06;Bucios, C. de ;cave;cave;yes;1;1424;27.94732298;-15.5344557;Pliocene-Pleistocene;Gran Canaria, Rift Vulcanism, N;;3.6-1.6 Ma;15;
C;CC09;Federica, Mina La ;mine;cave;yes;13;428;27.98347091;-15.4638892;Pliocene-Pleistocene;Gran Canaria, Rift Vulcanism, N;;3.6-1.6 Ma;15;
C;CC10;Ingenio, Cueva de ;cave;cave;yes;1;416;27.92463269;-15.4499783;Pliocene-Pleistocene;Gran Canaria, Rift Vulcanism, N;;3.6-1.6 Ma;15;
C;CC11;Llanetes, Mina;mine;cave;yes;9;395;27.98684203;-15.4811201;Pliocene-Pleistocene;Gran Canaria, Rift Vulcanism, N;;3.6-1.6 Ma;15;
C;CC12;Luna, C. de La ;cave;cave;yes;4;910;27.91031956;-15.5300565;Pliocene-Pleistocene;Gran Canaria, Rift Vulcanism, N;;3.6-1.6 Ma;15;
C;CC13;Montañón Negro, C. de ;cave;cave;yes;2;1445;28.03371153;-15.6063711;Pliocene-Pleistocene;Gran Canaria, Rift Vulcanism, N;;3.6-1.6 Ma;15;
C;CC14;Pozo de las Nieves, C. del ;cave;cave;yes;1;1912;27.96286355;-15.571438;Pliocene-Pleistocene;Gran Canaria, Rift Vulcanism, N;;3.6-1.6 Ma;15;
C;CM03;Draguillo, Bco.;MSS;MSS;yes;7;451;27.94622953;-15.4460626;Pliocene-Pleistocene;Gran Canaria, Rift Vulcanism, N;;3.6-1.6 Ma;15;
C;CM04;Majaletes, Los;MSS;MSS;yes;4;1125;27.9443179;-15.5030408;Pliocene-Pleistocene;Gran Canaria, Rift Vulcanism, N;;3.6-1.6 Ma;15;
C;CM05;Marteles, Caldera de los;MSS;MSS;yes;12;1537;27.95224262;-15.5274757;Pliocene-Pleistocene;Gran Canaria, Rift Vulcanism, N;;3.6-1.6 Ma;15;
C;CM06;Oscuro, Bco.;MSS;MSS;yes;6;820;28.05565872;-15.5912716;Pliocene-Pleistocene;Gran Canaria, Rift Vulcanism, N;;3.6-1.6 Ma;15;
C;CM08;Tiles, Los ;MSS;MSS;yes;1;520;28.09048002;-15.5944244;Pliocene-Pleistocene;Gran Canaria, Rift Vulcanism, N;;3.6-1.6 Ma;15;
C;CC01;Ancones, Galería ;mine;cave;yes;1;418;27.96104607;-15.7924694;Miocene;Gran Canaria Felsic Vulcanism, SW;;14-8.3 Ma;15;
C;CC03;Aslobas, C. de;cave;cave;yes;2;800;27.92380941;-15.7783558;Miocene;Gran Canaria Felsic Vulcanism, SW;;14-8.3 Ma;15;
C;CC07;Degollada de las Brujas, Sima ;cave;cave;yes;1;1227;27.94031583;-15.732998;Miocene;Gran Canaria Felsic Vulcanism, SW;;14-8.3 Ma;15;
C;CC08;Fataga, Mina de ;mine;cave;yes;2;109;27.79977686;-15.5868251;Miocene;Gran Canaria Felsic Vulcanism, SW;;14-8.3 Ma;15;
C;CC15;Roques, Mina de los;mine;cave;yes;7;1088;27.83228191;-15.6649465;Miocene;Gran Canaria Felsic Vulcanism, SW;;14-8.3 Ma;15;
C;CC16;Tasarte, Mina de ;mine;cave;yes;1;251;27.90408569;-15.7735202;Miocene;Gran Canaria Felsic Vulcanism, SW;;14-8.3 Ma;15;
C;CM02;Casa de Job (Andén Verde);MSS;MSS;yes;1;380;28.03758942;-15.7579917;Miocene;Gran Canaria Felsic Vulcanism, SW;;14-8.3 Ma;15;
C;CM09;Tirajana, Pinar;MSS;MSS;yes;1;1193;27.91113831;-15.5948535;Miocene;Gran Canaria Felsic Vulcanism, SW;;14-8.3 Ma;15;
C;CM01;Berrazales, Los;MSS;MSS;yes;10;495;28.06876492;-15.6569935;Miocene;Gran Canaria Felsic Vulcanism, SW;;14-8.3 Ma;15;(edge)
C;-;Tiles de Moya;soil;-;no;1;620;28.091755;-15.58292;;;;;15;
F;FC02;Llano, C. del ;cave;cave;yes;5;150;28.653012;-13.902801;Pliocene-Pleistocene;Northern Unit;;;25;
F;FC03;Montaña Blanca, C. de ;cave;cave;yes;5;160;28.40101944;-13.8807933;Mioceno;Northern Unit;;;25;
F;FC01;Corredores, C. de los ;cave;cave;yes;1;290;28.669085;-13.92924;Pliocene-Pleistocene;Northern Unit;;;25;(edge)
F;FM02;Morro Cavadero;soil;MSS;yes;1;705;28.096729;-14.3628;;;;;25;
F;-;Pico Zarza;soil;-;no;1;812;28.101832;-14.355493;;;;;25;
F;FM01;Pico Zarza, Camino a;MSS;MSS;yes;1;561;28.095084;-14.34852;;;;;25;
G;GM03;Epina;MSS;MSS;yes;1;830;28.16286305;-17.2989944;Pliocene-Pleistocene;La Gomera Pliocene central basalts;;;10;(edge)
G;GM01;Acebiños, Los;MSS;MSS;yes;2;950;28.13968666;-17.2266636;Pliocene-Pleistocene;La Gomera Pliocene central basalts;;;10;
G;GM04;Helechos, Mña. los ;MSS;MSS;yes;2;939;28.12479778;-17.2238472;Pliocene-Pleistocene;La Gomera Pliocene central basalts;;;10;
G;GM05;Meriga;MSS;MSS;yes;2;870;28.15379517;-17.2352122;Pliocene-Pleistocene;La Gomera Pliocene central basalts;;;10;
G;GM06;Quemada, Mña.;MSS;MSS;yes;2;1030;28.125826;-17.214731;Pliocene-Pleistocene;La Gomera Pliocene central basalts;;;10;
G;GM07;Reventón Oscuro ;MSS;MSS;yes;14;1039;28.12589821;-17.2161392;Pliocene-Pleistocene;La Gomera Pliocene central basalts;;;10;
G;-;Teselinde;soil;-;no;1;739;28.195992;17.287861;;;;;10;
G;GM02;Campamento Viejo;MSS;MSS;yes;4;1050;28.11532687;-17.23146231;;;;;10;
G;GM08;Zarcita, Roque de la ;MSS;MSS;yes;1;1180;28.11168585;-17.21673227;;;;;10;
H;HC01;Curva, C. de la ;cave;cave;yes;7;616;27.69230527;-17.9727848;Pliocene-Pleistocene;El Hierro rift or dorsal vulcanism;;;1;
H;HC03;Fileba, C. de ;cave;cave;yes;2;1330;27.73948552;-17.9910981;Pliocene-Pleistocene;El Hierro rift or dorsal vulcanism;;;1;
H;HC06;Jinama, C. de ;cave;cave;yes;3;1169;27.77353658;-17.9840889;Pliocene-Pleistocene;El Hierro rift or dorsal vulcanism;;;1;
H;HC11;Mocán, C. del;cave;cave;yes;1;1100;27.71795958;-18.00537;Pliocene-Pleistocene;El Hierro rift or dorsal vulcanism;;;1;
H;HC12;Moleras, Juaclo de las ;cave;cave;yes;4;500;27.73288381;-18.1407081;Pliocene-Pleistocene;El Hierro rift or dorsal vulcanism;;;1;
H;HC15;Pozos, C. de los ;cave;cave;yes;4;1000;27.76696538;-17.9608081;Pliocene-Pleistocene;El Hierro rift or dorsal vulcanism;;;1;
H;HM01;Binto;MSS;MSS;yes;1;1060;27.7267;-18.096017;Pliocene-Pleistocene;El Hierro rift or dorsal vulcanism;;;1;
H;HM03;Calzadillas (El Pinar), Las;MSS;MSS;yes;1;1010;27.70995914;-18.0234524;Pliocene-Pleistocene;El Hierro rift or dorsal vulcanism;;;1;
H;HM05;Dehesa, Pista de la;MSS;MSS;yes;1;232;27.71929121;-18.142163;Pliocene-Pleistocene;El Hierro rift or dorsal vulcanism;;;1;
H;HM07;Gallego (El Pinar), Hoya del;MSS;MSS;yes;2;935;27.7116471;-18.0030334;Pliocene-Pleistocene;El Hierro rift or dorsal vulcanism;;;1;
H;HM13;Mercader;MSS;MSS;yes;6;1075;27.71294456;-18.0221752;Pliocene-Pleistocene;El Hierro rift or dorsal vulcanism;;;1;
H;HM14;Montañetas, Las;MSS;MSS;yes;1;948;27.79046086;-17.9533911;Pliocene-Pleistocene;El Hierro rift or dorsal vulcanism;;;1;
H;HM16;San Salvador, Camino de;MSS;MSS;yes;1;1233;27.732951;-18.011676;Pliocene-Pleistocene;El Hierro rift or dorsal vulcanism;;;1;
H;HC05;Hoyo, C. del;cave;cave;yes;1;357;27.75351346;-18.0026981;Pleistoceno-Holoceno;El Golfo Embayment;;;1;
H;HC09;Lomo Blanco, Morada de ;cave;cave;yes;3;900;27.7391242;-18.0668611;Pleistoceno-Holoceno;El Golfo Embayment;;;1;
H;HC10;Longueras, C. de ;cave;cave;yes;8;450;27.74673043;-18.0262555;Pleistoceno-Holoceno;El Golfo Embayment;;;1;
H;HC13;Palomas, Sima de las ;cave;cave;yes;4;950;27.73787808;-18.0657009;Pleistoceno-Holoceno;El Golfo Embayment;;;1;
H;HM02;Caldereta, Mña. De la;MSS;MSS;yes;1;579;27.74297875;-18.0152648;Pleistoceno-Holoceno;El Golfo Embayment;;;1;
H;HM04;Casa Forestal, Supra;MSS;MSS;yes;5;880;27.73511102;-18.0243907;Pleistoceno-Holoceno;El Golfo Embayment;;;1;
H;HM06;Derrabado;MSS;MSS;yes;8;940;27.74080432;-18.0530805;Pleistoceno-Holoceno;El Golfo Embayment;;;1;
H;HM09;Gramales, Los;MSS;MSS;yes;2;800;27.73969081;-18.0228126;Pleistoceno-Holoceno;El Golfo Embayment;;;1;
H;HM12;Lomo Blanco;MSS;MSS;yes;1;920;27.74126599;-18.0603579;Pleistoceno-Holoceno;El Golfo Embayment;;;1;
H;HM15;Moreno, Hoya;MSS;MSS;yes;1;830;27.73860573;-18.0701726;Pleistoceno-Holoceno;El Golfo Embayment;;;1;
H;HC04;Guinea, Sima de;cave;cave;yes;1;80;27.774466;-17.998684;Pleistoceno-Holoceno;El Golfo Embayment (edge);;;1;
H;HC02;Don Justo, C. de ;cave;cave;yes;8;150;27.65018579;-17.9887843;Pleistoceno-Holoceno;El Hierro recent eruptions;;;1;
H;HC07;Lajial, C. del ;cave;cave;yes;5;250;27.66284933;-17.9888555;Pleistoceno-Holoceno;El Hierro recent eruptions;;;1;
H;HC08;Linke, C. del;cave;cave;yes;1;150;27.6639;-17.9731;Pleistoceno-Holoceno;El Hierro recent eruptions;;;1;
H;HC14;Pocitos, C. de los ;cave;cave;yes;7;250;27.65815689;-17.9901866;Pleistoceno-Holoceno;El Hierro recent eruptions;;;1;
H;HC16;Roja, C. ;cave;cave;yes;3;350;27.6709742;-17.998996;Pleistoceno-Holoceno;El Hierro recent eruptions;;;1;
H;HM11;Guillén (El Pinar), Llano;MSS;MSS;yes;2;1200;27.72189156;-18.0179178;Pleistoceno-Holoceno;El Hierro recent eruptions;;;1;
H;HM08;Garoé, Pista del;MSS;MSS;yes;1;1030;27.78174448;-17.9513906;Pleistoceno-Holoceno;Tiñor Edifice;;;1;
H;HM10;Gretime;MSS;MSS;yes;1;370;27.74483299;-18.07712362;;;;;1;
P;PC03;Arenal, C. del ;cave;cave;yes;2;1220;28.68261358;-17.8534685;Pleistoceno-Holocene;Cumbre Vieja;;0.5-0.01 Ma;2;
P;PC06;Callejones, C. de los;cave;cave;yes;3;200;28.60279013;-17.7630457;Pleistoceno-Holocene;Cumbre Vieja;;0.5-0.01 Ma;2;
P;PC07;Canal, C. del;cave;cave;yes;2;460;28.54310271;-17.8029102;Pleistoceno-Holocene;Cumbre Vieja;;0.5-0.01 Ma;2;
P;PC09;Cardos II (Laberintos), C. de;cave;cave;yes;6;980;28.67423756;-17.8485773;Pleistoceno-Holocene;Cumbre Vieja;;0.5-0.01 Ma;2;
P;PC10;Cardos III, C. de;cave;cave;yes;6;960;28.67299276;-17.8494334;Pleistoceno-Holocene;Cumbre Vieja;;0.5-0.01 Ma;2;
P;PC15;Cuchillo de Torres, C. del ;cave;cave;yes;1;600;28.66325267;-17.888063;Pleistoceno-Holocene;Cumbre Vieja;;0.5-0.01 Ma;2;
P;PC18;Don Tomás, C. de;cave;cave;yes;7;690;28.63977367;-17.8778694;Pleistoceno-Holocene;Cumbre Vieja;;0.5-0.01 Ma;2;
P;PC19;Excavada (Rincón), C.;cave;cave;yes;4;825;28.66332858;-17.866251;Pleistoceno-Holocene;Cumbre Vieja;;0.5-0.01 Ma;2;
P;PC23;Fuente de la Canaria, C. ;cave;cave;yes;5;700;28.58681393;-17.7943095;Pleistoceno-Holocene;Cumbre Vieja;;0.5-0.01 Ma;2;
P;PC25;Honda de Miranda, C.;cave;cave;yes;8;417;28.64489014;-17.788118;Pleistoceno-Holocene;Cumbre Vieja;;0.5-0.01 Ma;2;
P;PC26;Honda del Bejenado, C. ;cave;cave;yes;6;1187;28.68025289;-17.8554809;Pleistoceno-Holocene;Cumbre Vieja;;0.5-0.01 Ma;2;
P;PC27;Hoyo de la Sima;cave;cave;yes;4;1300;28.58986694;-17.858143;Pleistoceno-Holocene;Cumbre Vieja;;0.5-0.01 Ma;2;
P;PC28;La Sabina, C. de;cave;cave;yes;2;450;28.58390103;-17.7797921;Pleistoceno-Holocene;Cumbre Vieja;;0.5-0.01 Ma;2;
P;PC31;Llano de los Caños, C. del ;cave;cave;yes;11;1050;28.58112377;-17.7999023;Pleistoceno-Holocene;Cumbre Vieja;;0.5-0.01 Ma;2;
P;PC40;Nagy, C. de ;cave;cave;yes;3;290;28.64499782;-17.7723324;Pleistoceno-Holocene;Cumbre Vieja;;0.5-0.01 Ma;2;
P;PC44;Polvorín (Las Hiedras), C. del;cave;cave;yes;3;725;28.65957204;-17.8651669;Pleistoceno-Holocene;Cumbre Vieja;;0.5-0.01 Ma;2;
P;PC46;Rincón I y II, C. del ;cave;cave;yes;7;875;28.66743082;-17.8654934;Pleistoceno-Holocene;Cumbre Vieja;;0.5-0.01 Ma;2;
P;PC47;Salto de Tigalate, C. del;cave;cave;yes;15;80;28.53450135;-17.7939487;Pleistoceno-Holocene;Cumbre Vieja;;0.5-0.01 Ma;2;
P;PC50;Sorprendidos, C. de los ;cave;cave;yes;8;1270;28.68287926;-17.8592551;Pleistoceno-Holocene;Cumbre Vieja;;0.5-0.01 Ma;2;
P;PC51;Susi, C. de ;cave;cave;yes;2;880;28.66732393;-17.8654291;Pleistoceno-Holocene;Cumbre Vieja;;0.5-0.01 Ma;2;
P;PC52;Tacande, C. de;cave;cave;yes;9;650;28.64005073;-17.8805354;Pleistoceno-Holocene;Cumbre Vieja;;0.5-0.01 Ma;2;
P;PC53;Tamarahoya, C. de ;cave;cave;yes;1;900;28.67271113;-17.8725614;Pleistoceno-Holocene;Cumbre Vieja;;0.5-0.01 Ma;2;
P;PC54;Tijaraferas (Barros, Barrial), C. de las ;cave;cave;yes;5;567;28.66227868;-17.8897441;Pleistoceno-Holocene;Cumbre Vieja;;0.5-0.01 Ma;2;
P;PC56;Torreta de Tacande, C. ;cave;cave;yes;1;677;28.63940833;-17.8799778;Pleistoceno-Holocene;Cumbre Vieja;;0.5-0.01 Ma;2;
P;PM12;Hondo, Bco.;MSS;MSS;yes;1;412;28.53801435;-17.8038174;Pleistoceno-Holocene;Cumbre Vieja;;0.5-0.01 Ma;2;
P;PM16;La Venta (Breña Baja), Mña. de la;MSS;MSS;yes;1;1408;28.61263308;-17.8259566;Pleistoceno-Holocene;Cumbre Vieja;;0.5-0.01 Ma;2;
P;PM20;Luna, Montes de;MSS;MSS;yes;2;1100;28.53401916;-17.8268171;Pleistoceno-Holocene;Cumbre Vieja;;0.5-0.01 Ma;2;
P;PM28;Tamano;MSS;MSS;yes;1;1090;28.61878502;-17.8164301;Pleistoceno-Holocene;Cumbre Vieja;;0.5-0.01 Ma;2;
P;PM29;Tigalate MSS;MSS;MSS;yes;1;769;28.55339112;-17.8074738;Pleistoceno-Holocene;Cumbre Vieja;;0.5-0.01 Ma;2;
P;PC01;Altaguna, C. de ;cave;cave;yes;2;2010;28.74021478;-17.8373071;Pliocene-Pleistocene;Taburiente;;1.08-0.41 Ma;2;
P;PC02;Andenes, C. de los ;cave;cave;yes;2;2350;28.76167968;-17.8749957;Pliocene-Pleistocene;Taburiente;;1.08-0.41 Ma;2;
P;PC04;Asomada Alta, Furna de la;cave;cave;yes;3;779;28.7595943;-17.7781208;Pliocene-Pleistocene;Taburiente;;1.08-0.41 Ma;2;
P;PC05;Bco. de los Guanches, C.;cave;cave;yes;1;2132;28.74439171;-17.8407158;Pliocene-Pleistocene;Taburiente;;1.08-0.41 Ma;2;
P;PC11;Cáscaras, C. de las;cave;cave;yes;4;559;28.77626295;-17.9856151;Pliocene-Pleistocene;Taburiente;;1.08-0.41 Ma;2;
P;PC13;Ciro (Puntallana), C. de ;cave;cave;yes;4;300;28.73822973;-17.7407711;Pliocene-Pleistocene;Taburiente;;1.08-0.41 Ma;2;
P;PC14;Crucita, C. de la;cave;cave;yes;4;209;28.83399649;-17.8369807;Pliocene-Pleistocene;Taburiente;;1.08-0.41 Ma;2;
P;PC16;Diablo de Barlovento, C. del;cave;cave;yes;4;687;28.81507292;-17.8437903;Pliocene-Pleistocene;Taburiente;;1.08-0.41 Ma;2;
P;PC17;Diablo, C. del;cave;cave;yes;8;1400;28.61906798;-17.8262312;Pliocene-Pleistocene;Taburiente;;1.08-0.41 Ma;2;
P;PC20;Fajana de Franceses, C. de la;cave;cave;yes;1;120;28.8327057;-17.8655972;Pliocene-Pleistocene;Taburiente;;1.08-0.41 Ma;2;
P;PC21;Fajanita de D. Pedro, C. de la;cave;cave;yes;4;59;28.83992132;-17.8930651;Pliocene-Pleistocene;Taburiente;;1.08-0.41 Ma;2;
P;PC22;Franceses, C. de;cave;cave;yes;4;400;28.82915304;-17.8587392;Pliocene-Pleistocene;Taburiente;;1.08-0.41 Ma;2;
P;PC24;Grilla, C. de la;cave;cave;yes;7;890;28.80672126;-17.8270034;Pliocene-Pleistocene;Taburiente;;1.08-0.41 Ma;2;
P;PC29;La Tosca (Honda Gallegos), C. de;cave;cave;yes;9;428;28.82850007;-17.8203602;Pliocene-Pleistocene;Taburiente;;1.08-0.41 Ma;2;
P;PC30;Las Lomadas, Buraca de ;cave;cave;yes;6;573;28.79147357;-17.7785258;Pliocene-Pleistocene;Taburiente;;1.08-0.41 Ma;2;
P;PC35;Mamona, C. de la ;cave;cave;yes;6;600;28.77469628;-17.9834514;Pliocene-Pleistocene;Taburiente;;1.08-0.41 Ma;2;
P;PC37;Milagros, C. de los ;cave;cave;yes;2;170;28.78790701;-17.7663996;Pliocene-Pleistocene;Taburiente;;1.08-0.41 Ma;2;
P;PC39;Murciélagos II, C. de los ;cave;cave;yes;1;1200;28.7740358;-17.8237868;Pliocene-Pleistocene;Taburiente;;1.08-0.41 Ma;2;
P;PC41;Palmeros de Aguatavar, C. de los ;cave;cave;yes;2;800;28.73343065;-17.9658633;Pliocene-Pleistocene;Taburiente;;1.08-0.41 Ma;2;
P;PC43;Pilón (La Galga), Furna del ;cave;cave;yes;8;500;28.76042733;-17.7674248;Pliocene-Pleistocene;Taburiente;;1.08-0.41 Ma;2;
P;PC48;Salvatierra, C. de ;cave;cave;yes;6;211;28.83707349;-17.9450143;Pliocene-Pleistocene;Taburiente;;1.08-0.41 Ma;2;
P;PM01;Agua (La Galga), Bco. del;MSS;MSS;yes;2;359;28.72436448;-17.7510008;Pliocene-Pleistocene;Taburiente;;1.08-0.41 Ma;2;
P;PM02;Codezos, Los;MSS;MSS;yes;3;1178;28.781777;-17.936801;Pliocene-Pleistocene;Taburiente;;1.08-0.41 Ma;2;
P;PM03;Corcho, Pista del;MSS;MSS;yes;1;1280;28.738498;-17.792294;Pliocene-Pleistocene;Taburiente;;1.08-0.41 Ma;2;
P;PM04;Corral del Palo (Gallegos);MSS;MSS;yes;1;1080;28.80183113;-17.8510598;Pliocene-Pleistocene;Taburiente;;1.08-0.41 Ma;2;
P;PM06;Espinel (Breña Alta), Ladera;MSS;MSS;yes;2;600;28.662098;-17.802682;Pliocene-Pleistocene;Taburiente;;1.08-0.41 Ma;2;
P;PM07;Franceses-La Toleda;MSS;MSS;yes;1;810;28.812387;-17.857577;Pliocene-Pleistocene;Taburiente;;1.08-0.41 Ma;2;
P;PM08;Franceses, Fajana de;MSS;MSS;yes;1;25;28.83576298;-17.8643493;Pliocene-Pleistocene;Taburiente;;1.08-0.41 Ma;2;
P;PM09;Guago (Breña Alta) MSS, Lomo;MSS;MSS;yes;1;1297;28.64323962;-17.8220633;Pliocene-Pleistocene;Taburiente;;1.08-0.41 Ma;2;
P;PM10;Herreros, Bco. de;MSS;MSS;yes;2;559;28.77626295;-17.9856151;Pliocene-Pleistocene;Taburiente;;1.08-0.41 Ma;2;
P;PM11;Hombres (Garafía) MSS, Bco. de los;MSS;MSS;yes;5;256;28.82641578;-17.8687025;Pliocene-Pleistocene;Taburiente;;1.08-0.41 Ma;2;
P;PM13;Hoya Grande, Bco.del Fraile;MSS;MSS;yes;4;1200;28.79092493;-17.9185987;Pliocene-Pleistocene;Taburiente;;1.08-0.41 Ma;2;
P;PM14;La Galga, Cubo de  ;MSS;MSS;yes;4;600;28.75896946;-17.7808682;Pliocene-Pleistocene;Taburiente;;1.08-0.41 Ma;2;
P;PM15;La Tosca, MSS;MSS;MSS;yes;1;466;28.82859039;-17.819492;Pliocene-Pleistocene;Taburiente;;1.08-0.41 Ma;2;
P;PM18;Llano Negro;MSS;MSS;yes;1;1150;28.80095306;-17.9153557;Pliocene-Pleistocene;Taburiente;;1.08-0.41 Ma;2;
P;PM19;Lomadas, Las;MSS;MSS;yes;1;573;28.79117218;-17.7857062;Pliocene-Pleistocene;Taburiente;;1.08-0.41 Ma;2;
P;PM21;Machines, Lomo;MSS;MSS;yes;1;930;28.82650439;-17.8585849;Pliocene-Pleistocene;Taburiente;;1.08-0.41 Ma;2;
P;PM22;Mastres, Lomo de;MSS;MSS;yes;1;1200;28.65345575;-17.8179295;Pliocene-Pleistocene;Taburiente;;1.08-0.41 Ma;2;
P;PM23;Muerto (La Galga), Lomo;MSS;MSS;yes;1;574;28.77298309;-17.7766942;Pliocene-Pleistocene;Taburiente;;1.08-0.41 Ma;2;
P;PM24;Puntagorda Las Eras;MSS;MSS;yes;3;1076;28.755934;-17.956532;Pliocene-Pleistocene;Taburiente;;1.08-0.41 Ma;2;
P;PM26;Roque Faro;MSS;MSS;yes;1;1100;28.79909392;-17.880129;Pliocene-Pleistocene;Taburiente;;1.08-0.41 Ma;2;
P;PM27;Tagoja, Mña.;MSS;MSS;yes;2;970;28.7223238;-17.7823839;Pliocene-Pleistocene;Taburiente;;1.08-0.41 Ma;2;
P;PM30;Tilos, Los;MSS;MSS;yes;2;475;28.78974888;-17.8039053;Pliocene-Pleistocene;Taburiente;;1.08-0.41 Ma;2;
P;PM31;Tiseras (La Galga) MSS, Lomo;MSS;MSS;yes;1;1520;28.76195462;-17.8144222;Pliocene-Pleistocene;Taburiente;;1.08-0.41 Ma;2;
P;PM32;Vaqueros (Llano Negro);MSS;MSS;yes;1;1150;28.80095306;-17.9153557;Pliocene-Pleistocene;Taburiente;;1.08-0.41 Ma;2;
P;PM17;Las Breñas, Alto de;MSS;MSS;yes;3;1200;28.62525956;-17.8256304;Pliocene-Pleistocene;Taburiente;;1.08-0.41 Ma;2;
P;PC33;M.A.P.O., C. de;cave;cave;yes;3;85;28.59625871;-17.9129644;Historical;NW Palma;;0.01-0.00 Ka;2;
P;PC57;Virgen  de Fátima, C. de la ;cave;cave;yes;6;657;28.60414415;-17.8774184;Historical;NW Palma;;0.01-0.00 Ka;2;
P;PC12;Ceguera, C. de la;cave;cave;yes;1;225;28.60216891;-17.8548067;Historical;NW Palma (edge);;0.01-0.00 Ka;2;
P;PC49;San Juan, C. VII del;cave;cave;yes;1;1250;28.60220846;-17.8537857;Historical;NW Palma (edge);;0.01-0.00 Ka;2;
P;PC55;Todoque, C. de ;cave;cave;yes;3;450;28.60105674;-17.8906725;Historical;NW Palma (edge);;0.01-0.00 Ka;2;
P;PC36;Martín, Búcaro del;cave;cave;yes;3;1390;28.53290276;-17.8379518;Historical;SE Palma;;0.01-0.00 Ka;2;
P;PM33;Volcán Martín;MSS;MSS;yes;2;1400;28.53293567;-17.8385349;Historical;SE Palma;;0.01-0.00 Ka;2;
P;PC32;Llano de los Cestos, Sima;cave;cave;yes;3;1100;28.51683823;-17.843506;Pleistoceno-Holocene;South Palma;;3.2-0.1 Ka;2;
P;PC34;Machacadora, C. de la ;cave;cave;yes;9;800;28.52841437;-17.8213255;Pleistoceno-Holocene;South Palma;;3.2-0.1 Ka;2;
P;PC38;Mña. del Pino (Arreboles), C. de;cave;cave;yes;7;1020;28.51218575;-17.8386629;Pleistoceno-Holocene;South Palma;;3.2-0.1 Ka;2;
P;PC42;Palmeros, C. de los ;cave;cave;yes;19;650;28.50703837;-17.8557117;Pleistoceno-Holocene;South Palma;;3.2-0.1 Ka;2;
P;PC45;Ratón, C. del;cave;cave;yes;11;160;28.46030207;-17.8458691;Holoceno;South Palma;;0.01-0.00 Ka;2;
P;PM25;Riveros (Fuencaliente) MSS, Los;MSS;MSS;yes;1;825;28.500396;-17.865395;Pleistoceno-Holocene;South Palma;;3.2-0.1 Ka;2;
P;PC08;Canalizo A (Jedey), C. del ;cave;cave;yes;2;590;28.56746674;-17.8846751;Historical;Western Palma;;0.01-0.00 Ka;2;
P;PM05;Don Mendo;MSS;MSS;yes;1;1098;28.56151034;-17.8601142;Historical;Western Palma (edge);;0.01-0.00 Ka;2;
T;TC23;Robada, Sima;cave;cave;yes;2;300;28.52897925;-16.1481699;Mioceno;Anaga Pliocene Shield Volcano;Anaga;;12;
T;TM02;Aguirre, Mte.;MSS;MSS;yes;1;845;28.532636;-16.273186;Mioceno;Anaga Pliocene Shield Volcano;Anaga;;12;
T;TM04;Anambro;MSS;MSS;yes;1;840;28.56581021;-16.1685459;Mioceno;Anaga Pliocene Shield Volcano;Anaga;;12;
T;TM08;Bicora, Degollada de;MSS;MSS;yes;5;725;28.54604836;-16.2163785;Mioceno;Anaga Pliocene Shield Volcano;Anaga;;12;
T;TM12;Chamuscada, Mña.;MSS;MSS;yes;1;875;28.54036943;-16.2256244;Mioceno;Anaga Pliocene Shield Volcano;Anaga;;12;
T;TM13;Chinobre;MSS;MSS;yes;1;900;28.55851347;-16.1752941;Mioceno;Anaga Pliocene Shield Volcano;Anaga;;12;
T;TM15;Cochinos, Bco.;MSS;MSS;yes;12;900;28.323362;-16.821667;Mioceno;Teno Miocene Shield Volcano;Teno;;12;
T;TM21;Ijuana;MSS;MSS;yes;4;675;28.56021729;-16.1640066;Mioceno;Anaga Pliocene Shield Volcano;Anaga;;12;
T;TM30;Pasos, Roque de los;MSS;MSS;yes;1;765;28.54164281;-16.2215303;Mioceno;Anaga Pliocene Shield Volcano;Anaga;;12;
T;TM31;Pedro Alvarez;MSS;MSS;yes;1;600;28.52959088;-16.309035;Mioceno;Anaga Pliocene Shield Volcano;Anaga;;12;
T;TM33;Picón, Pista Bco.;MSS;MSS;yes;1;982;28.32459985;-16.8141351;Mioceno;Teno Miocene Shield Volcano;Teno;;12;
T;TM40;Vueltas Taganana;MSS;MSS;yes;2;860;28.54258987;-16.2276023;Mioceno;Anaga Pliocene Shield Volcano;Anaga;;12;
T;TM41;Zapata;MSS;MSS;yes;1;892;28.53560703;-16.2962524;Mioceno;Anaga Pliocene Shield Volcano;Anaga;;12;
T;TC01;Baldíos, C. de los ;cave;cave;yes;4;600;28.47194506;-16.3259019;Plioceno-Pleistoceno;Tenerife Central Rift;Central;;12;
T;TC02;Bco. de la Arena, C. del;cave;cave;yes;2;770;28.40306912;-16.3780498;Plioceno-Pleistoceno;Tenerife Central Rift;Central;;12;
T;TC03;Bucio, C. del ;cave;cave;yes;16;1000;28.36118357;-16.5018428;Plioceno-Pleistoceno;Tenerife Central Rift;Central;;12;
T;TC04;Candelaria, C. de la ;cave;cave;yes;1;347;28.36343796;-16.7110632;Pleistoceno-Holoceno/Plioceno-Pleistoceno;Tenerife Central Rift;Central;;12;
T;TC06;Chatarra, C. de la ;cave;cave;yes;3;1190;28.4435539;-16.3925022;Plioceno-Pleistoceno;Tenerife Central Rift;Central;;12;
T;TC07;Chiguergue, C. de ;cave;cave;yes;1;840;28.23551727;-16.7633011;Plioceno-Pleistoceno;Tenerife Central Rift;Central;;12;
T;TC08;Cosme, C. de ;cave;cave;yes;1;1640;28.34041315;-16.4715393;Plioceno-Pleistoceno;Tenerife Central Rift;Central;;12;Check, near Arico lava
T;TC09;Fea Arico, C.;cave;cave;yes;3;1625;28.24295278;-16.5279858;Plioceno-Pleistoceno;Tenerife Central Rift;Central;;12;
T;TC11;Grande de Chío, C.;cave;cave;yes;18;1100;28.25067695;-16.7766671;Plioceno-Pleistoceno;Tenerife Central Rift;Central;;12;
T;TC12;Helechos, Sima de los ;cave;cave;yes;4;2283;28.2994046;-16.5416805;Plioceno-Pleistoceno;Tenerife Central Rift;Central;;12;
T;TC15;Labrada, C.;cave;cave;yes;19;1072;28.43713852;-16.4124919;Plioceno-Pleistoceno;Tenerife Central Rift;Central;;12;
T;TC16;Mechas, C. de las ;cave;cave;yes;5;1047;28.43865211;-16.4127468;Plioceno-Pleistoceno;Tenerife Central Rift;Central;;12;
T;TC17;Metra, C. del ;cave;cave;yes;1;200;28.40085401;-16.5272997;Plioceno-Pleistoceno;Tenerife Central Rift;Central;;12;
T;TC19;Negras, Cuevas;cave;cave;yes;8;2200;28.2612572;-16.7005094;Plioceno-Pleistoceno;Tenerife Central Rift;Central;;12;
T;TC21;Puerta, C. de la ;cave;cave;yes;2;87;28.39324368;-16.3443133;Plioceno-Pleistoceno;Tenerife Central Rift;Central;;12;
T;TC22;Punto Blanco, C. de;cave;cave;yes;2;50;28.37637763;-16.7240766;Pleistoceno-Holoceno/Plioceno-Pleistoceno;Tenerife Central Rift;Central;;12;
T;TC27;San Miguel, C. de ;cave;cave;yes;1;635;28.10151071;-16.6144545;Plioceno-Pleistoceno;Tenerife Central Rift;Central;;12;
T;TC29;Yeso, C. del ;cave;cave;yes;1;17;28.55063029;-16.3539735;Plioceno-Pleistoceno;Tenerife Central Rift;Central;;12;
T;TM01;Agua, Bco. del (Güímar);MSS;MSS;yes;2;759;28.30699115;-16.4403835;Plioceno-Pleistoceno;Tenerife Central Rift;Central;;12;
T;TM06;Arico;MSS;MSS;yes;1;550;28.17859248;-16.5196191;Plioceno-Pleistoceno;Tenerife Central Rift;Central;;12;
T;TM07;Asomada del Gato (Chío);MSS;MSS;yes;1;1521;28.24933;-16.74499;Plioceno-Pleistoceno;Tenerife Central Rift;Central;;12;
T;TM11;Cascajos, Mña. (Chío);MSS;MSS;yes;1;1620;28.26940913;-16.7474985;Plioceno-Pleistoceno;Tenerife Central Rift;Central;;12;
T;TM17;Cruz de Tea;tephra;MSS;yes;1;2216;28.2586046;-16.6975523;Plioceno-Pleistoceno;Tenerife Central Rift;Central;;12;
T;TM19;Eras, Las;MSS;MSS;yes;1;51;28.060556;-16.528373;Plioceno-Pleistoceno;Tenerife Central Rift;Central;;12;
T;TM20;Fasnia, Volcán de;tephra;MSS;yes;3;2185;28.28596719;-16.5109101;Plioceno-Pleistoceno;Tenerife Central Rift;Central;;12;
T;TM22;Lajas, Las;MSS;MSS;yes;1;2090;28.19014963;-16.6668685;Plioceno-Pleistoceno;Tenerife Central Rift;Central;;12;
T;TM23;Mallorquines;tephra;MSS;yes;3;2236;28.30683208;-16.5142846;Plioceno-Pleistoceno;Tenerife Central Rift;Central;;12;
T;TM25;Meleros, Hoya;MSS;MSS;yes;1;1265;28.31839796;-16.7549686;Plioceno-Pleistoceno;Tenerife Central Rift;Central;;12;
T;TM26;Montañeta Garachico, La;MSS;MSS;yes;1;916;28.34171789;-16.7549234;Plioceno-Pleistoceno;Tenerife Central Rift;Central;;12;
T;TM27;Negras MSS, Cuevas;tephra;MSS;yes;4;2216;28.2586046;-16.6975523;Plioceno-Pleistoceno;Tenerife Central Rift;Central;;12;
T;TM28;Palo Blanco;MSS;MSS;yes;3;810;28.358329;-16.58731;Plioceno-Pleistoceno;Tenerife Central Rift;Central;;12;
T;TM32;Pegueros, Los;MSS;MSS;yes;1;2070;28.18763315;-16.6555944;Plioceno-Pleistoceno;Tenerife Central Rift;Central;;12;
T;TM34;Pinos, Hoya los;MSS;MSS;yes;1;1225;28.32718956;-16.72369;Plioceno-Pleistoceno;Tenerife Central Rift;Central;;12;
T;TM37;Salto Frío ;tephra;MSS;yes;6;2049;28.31650727;-16.5069257;Plioceno-Pleistoceno;Tenerife Central Rift;Central;;12;
T;TM39;Tacoronte (El Pris);MSS;MSS;yes;1;122;28.505879;-16.419634;Plioceno-Pleistoceno;Tenerife Central Rift;Central;;12;
T;TC13;Honda Güímar, C. ;cave;cave;yes;3;100;28.31083438;-16.3704136;Pleistoceno-Holoceno;Malpais de Guimar;Central;;12;
T;TC10;Felipe Reventón, C. de ;cave;cave;yes;38;595;28.3483618;-16.7042621;Pleistoceno-Holoceno;Teide;Central;;12;
T;TC14;Hoya San Felipe, C. de la ;cave;cave;yes;2;165;28.37246455;-16.7173607;Pleistoceno-Holoceno;Teide;Central;;12;
T;TC18;Mulo, C. del ;cave;cave;yes;10;1000;28.33097845;-16.675273;Pleistoceno-Holoceno;Teide;Central;;12;
T;TC20;Perdiz, Sima de la ;cave;cave;yes;6;1607;28.3245751;-16.6196186;Pleistoceno-Holoceno;Teide;Central;;12;
T;TC24;Roques superior 1, C. de los ;cave;cave;yes;5;2295;28.2371524;-16.6429169;Pleistoceno-Holoceno;Teide;Central;;12;
T;TC25;Roques, C. de Los ;cave;cave;yes;23;2266;28.23639326;-16.6422531;Pleistoceno-Holoceno;Teide;Central;;12;
T;TC26;San Marcos, C. de;cave;cave;yes;4;65;28.37524878;-16.7227115;Pleistoceno-Holoceno/Plioceno-Pleistoceno;Teide;Central;;12;
T;TC28;Viento-Sobrado, C. del;cave;cave;yes;36;600;28.35001315;-16.7028297;Pleistoceno-Holoceno;Teide;Central;;12;
T;TM05;Arguayo;MSS;MSS;yes;3;1200;28.29563188;-16.5742993;Pleistoceno-Holoceno;Teide;Central;;12;
T;TM09;Blanca, Cañada de;MSS;MSS;yes;1;2175;28.23409761;-16.6266776;Pleistoceno-Holoceno;Teide;Central;;12;
T;TM10;Blanca, Montaña;tephra;MSS;yes;10;2380;28.26094692;-16.602999;Pleistoceno-Holoceno;Teide;Central;;12;
T;TM16;Corredera Blanca;MSS;MSS;yes;1;1180;28.32590635;-16.7073204;Pleistoceno-Holoceno;Teide;Central;;12;
T;TM18;Era de las Fayas;MSS;MSS;yes;1;1260;28.32826776;-16.6872555;Pleistoceno-Holoceno;Teide;Central;;12;
T;TM24;Mancha Ruana;tephra;MSS;yes;3;3001;28.26010565;-16.6561322;Pleistoceno-Holoceno;Teide;Central;;12;
T;TM29;Palomera (La Guancha), Hoya;MSS;MSS;yes;2;850;28.35331836;-16.6542715;Pleistoceno-Holoceno;Teide;Central;;12;
T;TM35;Rajada, Montaña;tephra;MSS;yes;1;2450;28.27030501;-16.5945864;Pleistoceno-Holoceno;Teide;Central;;12;
T;TM36;Redondo, Hoya de;MSS;MSS;yes;1;985;28.33478663;-16.6848187;Pleistoceno-Holoceno;Teide;Central;;12;
T;TM38;San Felipe, Vista;MSS;MSS;yes;1;185;28.3724371;-16.7173909;Pleistoceno-Holoceno;Teide;Central;;12;
T;TM42;Bajamar subsuelo;MSS;MSS;yes;2;28;28.55235;-16.352605;;;Central;;12;
T;TC05;Chajaña, C. de ;cave;cave;yes;1;1700;28.19528;-16.46203831;;;Central;;12;
T;TM03;Amparo, El;MSS;MSS;yes;2;1000;28.33741442;-16.70430154;;;Central;;12;
T;TM14;Chiquero;tephra;MSS;yes;1;2278;28.30057457;-16.5633965;Pleistoceno-Holoceno/Plioceno-Pleistoceno;;Central;;12;